path,stem,suffix,group,size_bytes,vintage_period,vintage_timestamp_start,name,size_mb,priority
data/raw/Historical FRED-MD Vintages Final/1999-08.csv,1999-08,.csv,fred_md_hist_legacy,917007,1999-08,1999-08-01,1999-08.csv,0.8745260238647461,1
data/raw/Historical FRED-MD Vintages Final/1999-09.csv,1999-09,.csv,fred_md_hist_legacy,918859,1999-09,1999-09-01,1999-09.csv,0.8762922286987305,1
data/raw/Historical FRED-MD Vintages Final/1999-10.csv,1999-10,.csv,fred_md_hist_legacy,920791,1999-10,1999-10-01,1999-10.csv,0.8781347274780273,1
data/raw/Historical FRED-MD Vintages Final/1999-11.csv,1999-11,.csv,fred_md_hist_legacy,909123,1999-11,1999-11-01,1999-11.csv,0.8670072555541992,1
data/raw/Historical FRED-MD Vintages Final/1999-12.csv,1999-12,.csv,fred_md_hist_legacy,923071,1999-12,1999-12-01,1999-12.csv,0.8803091049194336,1
data/raw/Historical FRED-MD Vintages Final/2000-01.csv,2000-01,.csv,fred_md_hist_legacy,923547,2000-01,2000-01-01,2000-01.csv,0.880763053894043,1
data/raw/Historical FRED-MD Vintages Final/2000-02.csv,2000-02,.csv,fred_md_hist_legacy,925479,2000-02,2000-02-01,2000-02.csv,0.8826055526733398,1
data/raw/Historical FRED-MD Vintages Final/2000-03.csv,2000-03,.csv,fred_md_hist_legacy,927315,2000-03,2000-03-01,2000-03.csv,0.8843564987182617,1
data/raw/Historical FRED-MD Vintages Final/2000-04.csv,2000-04,.csv,fred_md_hist_legacy,929279,2000-04,2000-04-01,2000-04.csv,0.8862295150756836,1
data/raw/Historical FRED-MD Vintages Final/2000-05.csv,2000-05,.csv,fred_md_hist_legacy,931227,2000-05,2000-05-01,2000-05.csv,0.888087272644043,1
data/raw/Historical FRED-MD Vintages Final/2000-06.csv,2000-06,.csv,fred_md_hist_legacy,933111,2000-06,2000-06-01,2000-06.csv,0.8898839950561523,1
data/raw/Historical FRED-MD Vintages Final/2000-07.csv,2000-07,.csv,fred_md_hist_legacy,934963,2000-07,2000-07-01,2000-07.csv,0.8916501998901367,1
data/raw/Historical FRED-MD Vintages Final/2000-08.csv,2000-08,.csv,fred_md_hist_legacy,972505,2000-08,2000-08-01,2000-08.csv,0.9274530410766602,1
data/raw/Historical FRED-MD Vintages Final/2000-09.csv,2000-09,.csv,fred_md_hist_legacy,974409,2000-09,2000-09-01,2000-09.csv,0.9292688369750977,1
data/raw/Historical FRED-MD Vintages Final/2000-10.csv,2000-10,.csv,fred_md_hist_legacy,976457,2000-10,2000-10-01,2000-10.csv,0.9312219619750977,1
data/raw/Historical FRED-MD Vintages Final/2000-11.csv,2000-11,.csv,fred_md_hist_legacy,978441,2000-11,2000-11-01,2000-11.csv,0.9331140518188477,1
data/raw/Historical FRED-MD Vintages Final/2000-12.csv,2000-12,.csv,fred_md_hist_legacy,980393,2000-12,2000-12-01,2000-12.csv,0.9349756240844727,1
data/raw/Historical FRED-MD Vintages Final/2001-01.csv,2001-01,.csv,fred_md_hist_legacy,982249,2001-01,2001-01-01,2001-01.csv,0.9367456436157227,1
data/raw/Historical FRED-MD Vintages Final/2001-02.csv,2001-02,.csv,fred_md_hist_legacy,984297,2001-02,2001-02-01,2001-02.csv,0.9386987686157227,1
data/raw/Historical FRED-MD Vintages Final/2001-03.csv,2001-03,.csv,fred_md_hist_legacy,986361,2001-03,2001-03-01,2001-03.csv,0.9406671524047852,1
data/raw/Historical FRED-MD Vintages Final/2001-04.csv,2001-04,.csv,fred_md_hist_legacy,988361,2001-04,2001-04-01,2001-04.csv,0.9425745010375977,1
data/raw/Historical FRED-MD Vintages Final/2001-05.csv,2001-05,.csv,fred_md_hist_legacy,992622,2001-05,2001-05-01,2001-05.csv,0.9466381072998047,1
data/raw/Historical FRED-MD Vintages Final/2001-06.csv,2001-06,.csv,fred_md_hist_legacy,994490,2001-06,2001-06-01,2001-06.csv,0.9484195709228516,1
data/raw/Historical FRED-MD Vintages Final/2001-07.csv,2001-07,.csv,fred_md_hist_legacy,996587,2001-07,2001-07-01,2001-07.csv,0.9504194259643555,1
data/raw/Historical FRED-MD Vintages Final/2001-08.csv,2001-08,.csv,fred_md_hist_legacy,998572,2001-08,2001-08-01,2001-08.csv,0.9523124694824219,1
data/raw/Historical FRED-MD Vintages Final/2001-09.csv,2001-09,.csv,fred_md_hist_legacy,1000493,2001-09,2001-09-01,2001-09.csv,0.9541444778442383,1
data/raw/Historical FRED-MD Vintages Final/2001-10.csv,2001-10,.csv,fred_md_hist_legacy,1002510,2001-10,2001-10-01,2001-10.csv,0.9560680389404297,1
data/raw/Historical FRED-MD Vintages Final/2001-11.csv,2001-11,.csv,fred_md_hist_legacy,1004527,2001-11,2001-11-01,2001-11.csv,0.9579916000366211,1
data/raw/Historical FRED-MD Vintages Final/2001-12.csv,2001-12,.csv,fred_md_hist_legacy,1014672,2001-12,2001-12-01,2001-12.csv,0.9676666259765625,1
data/raw/Historical FRED-MD Vintages Final/2002-01.csv,2002-01,.csv,fred_md_hist_legacy,1016689,2002-01,2002-01-01,2002-01.csv,0.9695901870727539,1
data/raw/Historical FRED-MD Vintages Final/2002-02.csv,2002-02,.csv,fred_md_hist_legacy,1018594,2002-02,2002-02-01,2002-02.csv,0.9714069366455078,1
data/raw/Historical FRED-MD Vintages Final/2002-03.csv,2002-03,.csv,fred_md_hist_legacy,1020675,2002-03,2002-03-01,2002-03.csv,0.9733915328979492,1
data/raw/Historical FRED-MD Vintages Final/2002-04.csv,2002-04,.csv,fred_md_hist_legacy,1022644,2002-04,2002-04-01,2002-04.csv,0.9752693176269531,1
data/raw/Historical FRED-MD Vintages Final/2002-05.csv,2002-05,.csv,fred_md_hist_legacy,1024723,2002-05,2002-05-01,2002-05.csv,0.9772520065307617,1
data/raw/Historical FRED-MD Vintages Final/2002-06.csv,2002-06,.csv,fred_md_hist_legacy,1026677,2002-06,2002-06-01,2002-06.csv,0.9791154861450195,1
data/raw/Historical FRED-MD Vintages Final/2002-07.csv,2002-07,.csv,fred_md_hist_legacy,1028582,2002-07,2002-07-01,2002-07.csv,0.9809322357177734,1
data/raw/Historical FRED-MD Vintages Final/2002-08.csv,2002-08,.csv,fred_md_hist_legacy,1030695,2002-08,2002-08-01,2002-08.csv,0.9829473495483398,1
data/raw/Historical FRED-MD Vintages Final/2002-09.csv,2002-09,.csv,fred_md_hist_legacy,1032632,2002-09,2002-09-01,2002-09.csv,0.9847946166992188,1
data/raw/Historical FRED-MD Vintages Final/2002-10.csv,2002-10,.csv,fred_md_hist_legacy,1034585,2002-10,2002-10-01,2002-10.csv,0.9866571426391602,1
data/raw/Historical FRED-MD Vintages Final/2002-11.csv,2002-11,.csv,fred_md_hist_legacy,1036666,2002-11,2002-11-01,2002-11.csv,0.9886417388916016,1
data/raw/Historical FRED-MD Vintages Final/2002-12.csv,2002-12,.csv,fred_md_hist_legacy,1098396,2002-12,2002-12-01,2002-12.csv,1.0475120544433594,1
data/raw/Historical FRED-MD Vintages Final/2003-01.csv,2003-01,.csv,fred_md_hist_legacy,1103604,2003-01,2003-01-01,2003-01.csv,1.0524787902832031,1
data/raw/Historical FRED-MD Vintages Final/2003-02.csv,2003-02,.csv,fred_md_hist_legacy,1105628,2003-02,2003-02-01,2003-02.csv,1.0544090270996094,1
data/raw/Historical FRED-MD Vintages Final/2003-03.csv,2003-03,.csv,fred_md_hist_legacy,1107796,2003-03,2003-03-01,2003-03.csv,1.0564765930175781,1
data/raw/Historical FRED-MD Vintages Final/2003-04.csv,2003-04,.csv,fred_md_hist_legacy,1109962,2003-04,2003-04-01,2003-04.csv,1.058542251586914,1
data/raw/Historical FRED-MD Vintages Final/2003-05.csv,2003-05,.csv,fred_md_hist_legacy,1112066,2003-05,2003-05-01,2003-05.csv,1.0605487823486328,1
data/raw/Historical FRED-MD Vintages Final/2003-06.csv,2003-06,.csv,fred_md_hist_legacy,1123255,2003-06,2003-06-01,2003-06.csv,1.0712194442749023,1
data/raw/Historical FRED-MD Vintages Final/2003-07.csv,2003-07,.csv,fred_md_hist_legacy,1125296,2003-07,2003-07-01,2003-07.csv,1.0731658935546875,1
data/raw/Historical FRED-MD Vintages Final/2003-08.csv,2003-08,.csv,fred_md_hist_legacy,1127564,2003-08,2003-08-01,2003-08.csv,1.0753288269042969,1
data/raw/Historical FRED-MD Vintages Final/2003-09.csv,2003-09,.csv,fred_md_hist_legacy,1129669,2003-09,2003-09-01,2003-09.csv,1.077336311340332,1
data/raw/Historical FRED-MD Vintages Final/2003-10.csv,2003-10,.csv,fred_md_hist_legacy,1131822,2003-10,2003-10-01,2003-10.csv,1.0793895721435547,1
data/raw/Historical FRED-MD Vintages Final/2003-11.csv,2003-11,.csv,fred_md_hist_legacy,1133895,2003-11,2003-11-01,2003-11.csv,1.0813665390014648,1
data/raw/Historical FRED-MD Vintages Final/2003-12.csv,2003-12,.csv,fred_md_hist_legacy,1082368,2003-12,2003-12-01,2003-12.csv,1.0322265625,1
data/raw/Historical FRED-MD Vintages Final/2004-01.csv,2004-01,.csv,fred_md_hist_legacy,1148807,2004-01,2004-01-01,2004-01.csv,1.0955877304077148,1
data/raw/Historical FRED-MD Vintages Final/2004-02.csv,2004-02,.csv,fred_md_hist_legacy,1150897,2004-02,2004-02-01,2004-02.csv,1.097580909729004,1
data/raw/Historical FRED-MD Vintages Final/2004-03.csv,2004-03,.csv,fred_md_hist_legacy,1153179,2004-03,2004-03-01,2004-03.csv,1.099757194519043,1
data/raw/Historical FRED-MD Vintages Final/2004-04.csv,2004-04,.csv,fred_md_hist_legacy,1155429,2004-04,2004-04-01,2004-04.csv,1.101902961730957,1
data/raw/Historical FRED-MD Vintages Final/2004-05.csv,2004-05,.csv,fred_md_hist_legacy,1157599,2004-05,2004-05-01,2004-05.csv,1.1039724349975586,1
data/raw/Historical FRED-MD Vintages Final/2004-06.csv,2004-06,.csv,fred_md_hist_legacy,1159721,2004-06,2004-06-01,2004-06.csv,1.1059961318969727,1
data/raw/Historical FRED-MD Vintages Final/2004-07.csv,2004-07,.csv,fred_md_hist_legacy,1161763,2004-07,2004-07-01,2004-07.csv,1.1079435348510742,1
data/raw/Historical FRED-MD Vintages Final/2004-08.csv,2004-08,.csv,fred_md_hist_legacy,1164061,2004-08,2004-08-01,2004-08.csv,1.1101350784301758,1
data/raw/Historical FRED-MD Vintages Final/2004-09.csv,2004-09,.csv,fred_md_hist_legacy,1166183,2004-09,2004-09-01,2004-09.csv,1.1121587753295898,1
data/raw/Historical FRED-MD Vintages Final/2004-10.csv,2004-10,.csv,fred_md_hist_legacy,1168225,2004-10,2004-10-01,2004-10.csv,1.1141061782836914,1
data/raw/Historical FRED-MD Vintages Final/2004-11.csv,2004-11,.csv,fred_md_hist_legacy,1170347,2004-11,2004-11-01,2004-11.csv,1.1161298751831055,1
data/raw/Historical FRED-MD Vintages Final/2004-12.csv,2004-12,.csv,fred_md_hist_legacy,1172645,2004-12,2004-12-01,2004-12.csv,1.118321418762207,1
data/raw/Historical FRED-MD Vintages Final/2005-01.csv,2005-01,.csv,fred_md_hist_legacy,1174815,2005-01,2005-01-01,2005-01.csv,1.1203908920288086,1
data/raw/Historical FRED-MD Vintages Final/2005-02.csv,2005-02,.csv,fred_md_hist_legacy,1176985,2005-02,2005-02-01,2005-02.csv,1.1224603652954102,1
data/raw/Historical FRED-MD Vintages Final/2005-03.csv,2005-03,.csv,fred_md_hist_legacy,1179121,2005-03,2005-03-01,2005-03.csv,1.124497413635254,1
data/raw/Historical FRED-MD Vintages Final/2005-04.csv,2005-04,.csv,fred_md_hist_legacy,1181275,2005-04,2005-04-01,2005-04.csv,1.126551628112793,1
data/raw/Historical FRED-MD Vintages Final/2005-05.csv,2005-05,.csv,fred_md_hist_legacy,1183445,2005-05,2005-05-01,2005-05.csv,1.1286211013793945,1
data/raw/Historical FRED-MD Vintages Final/2005-06.csv,2005-06,.csv,fred_md_hist_legacy,1185535,2005-06,2005-06-01,2005-06.csv,1.1306142807006836,1
data/raw/Historical FRED-MD Vintages Final/2005-07.csv,2005-07,.csv,fred_md_hist_legacy,1187609,2005-07,2005-07-01,2005-07.csv,1.1325922012329102,1
data/raw/Historical FRED-MD Vintages Final/2005-08.csv,2005-08,.csv,fred_md_hist_legacy,1189795,2005-08,2005-08-01,2005-08.csv,1.1346769332885742,1
data/raw/Historical FRED-MD Vintages Final/2005-09.csv,2005-09,.csv,fred_md_hist_legacy,1191997,2005-09,2005-09-01,2005-09.csv,1.1367769241333008,1
data/raw/Historical FRED-MD Vintages Final/2005-10.csv,2005-10,.csv,fred_md_hist_legacy,1194199,2005-10,2005-10-01,2005-10.csv,1.1388769149780273,1
data/raw/Historical FRED-MD Vintages Final/2005-11.csv,2005-11,.csv,fred_md_hist_legacy,1196241,2005-11,2005-11-01,2005-11.csv,1.140824317932129,1
data/raw/Historical FRED-MD Vintages Final/2005-12.csv,2005-12,.csv,fred_md_hist_legacy,1198491,2005-12,2005-12-01,2005-12.csv,1.142970085144043,1
data/raw/Historical FRED-MD Vintages Final/2006-01.csv,2006-01,.csv,fred_md_hist_legacy,1200661,2006-01,2006-01-01,2006-01.csv,1.1450395584106445,1
data/raw/Historical FRED-MD Vintages Final/2006-02.csv,2006-02,.csv,fred_md_hist_legacy,1202703,2006-02,2006-02-01,2006-02.csv,1.146986961364746,1
data/raw/Historical FRED-MD Vintages Final/2006-03.csv,2006-03,.csv,fred_md_hist_legacy,1204970,2006-03,2006-03-01,2006-03.csv,1.149148941040039,1
data/raw/Historical FRED-MD Vintages Final/2006-04.csv,2006-04,.csv,fred_md_hist_legacy,1206964,2006-04,2006-04-01,2006-04.csv,1.1510505676269531,1
data/raw/Historical FRED-MD Vintages Final/2006-05.csv,2006-05,.csv,fred_md_hist_legacy,1209262,2006-05,2006-05-01,2006-05.csv,1.1532421112060547,1
data/raw/Historical FRED-MD Vintages Final/2006-06.csv,2006-06,.csv,fred_md_hist_legacy,1211416,2006-06,2006-06-01,2006-06.csv,1.1552963256835938,1
data/raw/Historical FRED-MD Vintages Final/2006-07.csv,2006-07,.csv,fred_md_hist_legacy,1213458,2006-07,2006-07-01,2006-07.csv,1.1572437286376953,1
data/raw/Historical FRED-MD Vintages Final/2006-08.csv,2006-08,.csv,fred_md_hist_legacy,1215772,2006-08,2006-08-01,2006-08.csv,1.1594505310058594,1
data/raw/Historical FRED-MD Vintages Final/2006-09.csv,2006-09,.csv,fred_md_hist_legacy,1217878,2006-09,2006-09-01,2006-09.csv,1.161458969116211,1
data/raw/Historical FRED-MD Vintages Final/2006-10.csv,2006-10,.csv,fred_md_hist_legacy,1220048,2006-10,2006-10-01,2006-10.csv,1.1635284423828125,1
data/raw/Historical FRED-MD Vintages Final/2006-11.csv,2006-11,.csv,fred_md_hist_legacy,1222218,2006-11,2006-11-01,2006-11.csv,1.165597915649414,1
data/raw/Historical FRED-MD Vintages Final/2006-12.csv,2006-12,.csv,fred_md_hist_legacy,1224340,2006-12,2006-12-01,2006-12.csv,1.1676216125488281,1
data/raw/Historical FRED-MD Vintages Final/2007-01.csv,2007-01,.csv,fred_md_hist_legacy,1226382,2007-01,2007-01-01,2007-01.csv,1.1695690155029297,1
data/raw/Historical FRED-MD Vintages Final/2007-02.csv,2007-02,.csv,fred_md_hist_legacy,1228552,2007-02,2007-02-01,2007-02.csv,1.1716384887695312,1
data/raw/Historical FRED-MD Vintages Final/2007-03.csv,2007-03,.csv,fred_md_hist_legacy,1230802,2007-03,2007-03-01,2007-03.csv,1.1737842559814453,1
data/raw/Historical FRED-MD Vintages Final/2007-04.csv,2007-04,.csv,fred_md_hist_legacy,1232972,2007-04,2007-04-01,2007-04.csv,1.1758537292480469,1
data/raw/Historical FRED-MD Vintages Final/2007-05.csv,2007-05,.csv,fred_md_hist_legacy,1235014,2007-05,2007-05-01,2007-05.csv,1.1778011322021484,1
data/raw/Historical FRED-MD Vintages Final/2007-06.csv,2007-06,.csv,fred_md_hist_legacy,1237264,2007-06,2007-06-01,2007-06.csv,1.1799468994140625,1
data/raw/Historical FRED-MD Vintages Final/2007-07.csv,2007-07,.csv,fred_md_hist_legacy,1239434,2007-07,2007-07-01,2007-07.csv,1.182016372680664,1
data/raw/Historical FRED-MD Vintages Final/2007-08.csv,2007-08,.csv,fred_md_hist_legacy,1241620,2007-08,2007-08-01,2007-08.csv,1.1841011047363281,1
data/raw/Historical FRED-MD Vintages Final/2007-09.csv,2007-09,.csv,fred_md_hist_legacy,1243726,2007-09,2007-09-01,2007-09.csv,1.1861095428466797,1
data/raw/Historical FRED-MD Vintages Final/2007-10.csv,2007-10,.csv,fred_md_hist_legacy,1245768,2007-10,2007-10-01,2007-10.csv,1.1880569458007812,1
data/raw/Historical FRED-MD Vintages Final/2007-11.csv,2007-11,.csv,fred_md_hist_legacy,1248066,2007-11,2007-11-01,2007-11.csv,1.1902484893798828,1
data/raw/Historical FRED-MD Vintages Final/2007-12.csv,2007-12,.csv,fred_md_hist_legacy,1250188,2007-12,2007-12-01,2007-12.csv,1.1922721862792969,1
data/raw/Historical FRED-MD Vintages Final/2008-01.csv,2008-01,.csv,fred_md_hist_legacy,1252326,2008-01,2008-01-01,2008-01.csv,1.1943111419677734,1
data/raw/Historical FRED-MD Vintages Final/2008-02.csv,2008-02,.csv,fred_md_hist_legacy,1254528,2008-02,2008-02-01,2008-02.csv,1.1964111328125,1
data/raw/Historical FRED-MD Vintages Final/2008-03.csv,2008-03,.csv,fred_md_hist_legacy,1256650,2008-03,2008-03-01,2008-03.csv,1.198434829711914,1
data/raw/Historical FRED-MD Vintages Final/2008-04.csv,2008-04,.csv,fred_md_hist_legacy,1258692,2008-04,2008-04-01,2008-04.csv,1.2003822326660156,1
data/raw/Historical FRED-MD Vintages Final/2008-05.csv,2008-05,.csv,fred_md_hist_legacy,1260990,2008-05,2008-05-01,2008-05.csv,1.2025737762451172,1
data/raw/Historical FRED-MD Vintages Final/2008-06.csv,2008-06,.csv,fred_md_hist_legacy,1263113,2008-06,2008-06-01,2008-06.csv,1.2045984268188477,1
data/raw/Historical FRED-MD Vintages Final/2008-07.csv,2008-07,.csv,fred_md_hist_legacy,1265156,2008-07,2008-07-01,2008-07.csv,1.2065467834472656,1
data/raw/Historical FRED-MD Vintages Final/2008-08.csv,2008-08,.csv,fred_md_hist_legacy,1267455,2008-08,2008-08-01,2008-08.csv,1.2087392807006836,1
data/raw/Historical FRED-MD Vintages Final/2008-09.csv,2008-09,.csv,fred_md_hist_legacy,1269578,2008-09,2008-09-01,2008-09.csv,1.210763931274414,1
data/raw/Historical FRED-MD Vintages Final/2008-10.csv,2008-10,.csv,fred_md_hist_legacy,1271749,2008-10,2008-10-01,2008-10.csv,1.212834358215332,1
data/raw/Historical FRED-MD Vintages Final/2008-11.csv,2008-11,.csv,fred_md_hist_legacy,1273888,2008-11,2008-11-01,2008-11.csv,1.214874267578125,1
data/raw/Historical FRED-MD Vintages Final/2008-12.csv,2008-12,.csv,fred_md_hist_legacy,1276042,2008-12,2008-12-01,2008-12.csv,1.216928482055664,1
data/raw/Historical FRED-MD Vintages Final/2009-01.csv,2009-01,.csv,fred_md_hist_legacy,1278084,2009-01,2009-01-01,2009-01.csv,1.2188758850097656,1
data/raw/Historical FRED-MD Vintages Final/2009-02.csv,2009-02,.csv,fred_md_hist_legacy,1280254,2009-02,2009-02-01,2009-02.csv,1.2209453582763672,1
data/raw/Historical FRED-MD Vintages Final/2009-03.csv,2009-03,.csv,fred_md_hist_legacy,1282504,2009-03,2009-03-01,2009-03.csv,1.2230911254882812,1
data/raw/Historical FRED-MD Vintages Final/2009-04.csv,2009-04,.csv,fred_md_hist_legacy,1284674,2009-04,2009-04-01,2009-04.csv,1.2251605987548828,1
data/raw/Historical FRED-MD Vintages Final/2009-05.csv,2009-05,.csv,fred_md_hist_legacy,1286716,2009-05,2009-05-01,2009-05.csv,1.2271080017089844,1
data/raw/Historical FRED-MD Vintages Final/2009-06.csv,2009-06,.csv,fred_md_hist_legacy,1288966,2009-06,2009-06-01,2009-06.csv,1.2292537689208984,1
data/raw/Historical FRED-MD Vintages Final/2009-07.csv,2009-07,.csv,fred_md_hist_legacy,1291008,2009-07,2009-07-01,2009-07.csv,1.231201171875,1
data/raw/Historical FRED-MD Vintages Final/2009-08.csv,2009-08,.csv,fred_md_hist_legacy,1293348,2009-08,2009-08-01,2009-08.csv,1.2334327697753906,1
data/raw/Historical FRED-MD Vintages Final/2009-09.csv,2009-09,.csv,fred_md_hist_legacy,1295342,2009-09,2009-09-01,2009-09.csv,1.2353343963623047,1
data/raw/Historical FRED-MD Vintages Final/2009-10.csv,2009-10,.csv,fred_md_hist_legacy,1297592,2009-10,2009-10-01,2009-10.csv,1.2374801635742188,1
data/raw/Historical FRED-MD Vintages Final/2009-11.csv,2009-11,.csv,fred_md_hist_legacy,1299810,2009-11,2009-11-01,2009-11.csv,1.2395954132080078,1
data/raw/Historical FRED-MD Vintages Final/2009-12.csv,2009-12,.csv,fred_md_hist_legacy,1301932,2009-12,2009-12-01,2009-12.csv,1.2416191101074219,1
data/raw/Historical FRED-MD Vintages Final/2010-01.csv,2010-01,.csv,fred_md_hist_legacy,1303942,2010-01,2010-01-01,2010-01.csv,1.2435359954833984,1
data/raw/Historical FRED-MD Vintages Final/2010-02.csv,2010-02,.csv,fred_md_hist_legacy,1306128,2010-02,2010-02-01,2010-02.csv,1.2456207275390625,1
data/raw/Historical FRED-MD Vintages Final/2010-03.csv,2010-03,.csv,fred_md_hist_legacy,1308411,2010-03,2010-03-01,2010-03.csv,1.247797966003418,1
data/raw/Historical FRED-MD Vintages Final/2010-04.csv,2010-04,.csv,fred_md_hist_legacy,1310438,2010-04,2010-04-01,2010-04.csv,1.2497310638427734,1
data/raw/Historical FRED-MD Vintages Final/2010-05.csv,2010-05,.csv,fred_md_hist_legacy,1312705,2010-05,2010-05-01,2010-05.csv,1.2518930435180664,1
data/raw/Historical FRED-MD Vintages Final/2010-06.csv,2010-06,.csv,fred_md_hist_legacy,1314860,2010-06,2010-06-01,2010-06.csv,1.2539482116699219,1
data/raw/Historical FRED-MD Vintages Final/2010-07.csv,2010-07,.csv,fred_md_hist_legacy,1316903,2010-07,2010-07-01,2010-07.csv,1.2558965682983398,1
data/raw/Historical FRED-MD Vintages Final/2010-08.csv,2010-08,.csv,fred_md_hist_legacy,1319202,2010-08,2010-08-01,2010-08.csv,1.2580890655517578,1
data/raw/Historical FRED-MD Vintages Final/2010-09.csv,2010-09,.csv,fred_md_hist_legacy,1321197,2010-09,2010-09-01,2010-09.csv,1.2599916458129883,1
data/raw/Historical FRED-MD Vintages Final/2010-10.csv,2010-10,.csv,fred_md_hist_legacy,1323367,2010-10,2010-10-01,2010-10.csv,1.2620611190795898,1
data/raw/Historical FRED-MD Vintages Final/2010-11.csv,2010-11,.csv,fred_md_hist_legacy,1325665,2010-11,2010-11-01,2010-11.csv,1.2642526626586914,1
data/raw/Historical FRED-MD Vintages Final/2010-12.csv,2010-12,.csv,fred_md_hist_legacy,1327787,2010-12,2010-12-01,2010-12.csv,1.2662763595581055,1
data/raw/Historical FRED-MD Vintages Final/2011-01.csv,2011-01,.csv,fred_md_hist_legacy,1329958,2011-01,2011-01-01,2011-01.csv,1.2683467864990234,1
data/raw/Historical FRED-MD Vintages Final/2011-02.csv,2011-02,.csv,fred_md_hist_legacy,1332129,2011-02,2011-02-01,2011-02.csv,1.2704172134399414,1
data/raw/Historical FRED-MD Vintages Final/2011-03.csv,2011-03,.csv,fred_md_hist_legacy,1334237,2011-03,2011-03-01,2011-03.csv,1.2724275588989258,1
data/raw/Historical FRED-MD Vintages Final/2011-04.csv,2011-04,.csv,fred_md_hist_legacy,1336392,2011-04,2011-04-01,2011-04.csv,1.2744827270507812,1
data/raw/Historical FRED-MD Vintages Final/2011-05.csv,2011-05,.csv,fred_md_hist_legacy,1338596,2011-05,2011-05-01,2011-05.csv,1.2765846252441406,1
data/raw/Historical FRED-MD Vintages Final/2011-06.csv,2011-06,.csv,fred_md_hist_legacy,1340687,2011-06,2011-06-01,2011-06.csv,1.278578758239746,1
data/raw/Historical FRED-MD Vintages Final/2011-07.csv,2011-07,.csv,fred_md_hist_legacy,1342762,2011-07,2011-07-01,2011-07.csv,1.280557632446289,1
data/raw/Historical FRED-MD Vintages Final/2011-08.csv,2011-08,.csv,fred_md_hist_legacy,1345027,2011-08,2011-08-01,2011-08.csv,1.2827177047729492,1
data/raw/Historical FRED-MD Vintages Final/2011-09.csv,2011-09,.csv,fred_md_hist_legacy,1347150,2011-09,2011-09-01,2011-09.csv,1.2847423553466797,1
data/raw/Historical FRED-MD Vintages Final/2011-10.csv,2011-10,.csv,fred_md_hist_legacy,1349353,2011-10,2011-10-01,2011-10.csv,1.2868432998657227,1
data/raw/Historical FRED-MD Vintages Final/2011-11.csv,2011-11,.csv,fred_md_hist_legacy,1351524,2011-11,2011-11-01,2011-11.csv,1.2889137268066406,1
data/raw/Historical FRED-MD Vintages Final/2011-12.csv,2011-12,.csv,fred_md_hist_legacy,1353648,2011-12,2011-12-01,2011-12.csv,1.2909393310546875,1
data/raw/Historical FRED-MD Vintages Final/2012-01.csv,2012-01,.csv,fred_md_hist_legacy,1355820,2012-01,2012-01-01,2012-01.csv,1.2930107116699219,1
data/raw/Historical FRED-MD Vintages Final/2012-02.csv,2012-02,.csv,fred_md_hist_legacy,1357863,2012-02,2012-02-01,2012-02.csv,1.2949590682983398,1
data/raw/Historical FRED-MD Vintages Final/2012-03.csv,2012-03,.csv,fred_md_hist_legacy,1360116,2012-03,2012-03-01,2012-03.csv,1.2971076965332031,1
data/raw/Historical FRED-MD Vintages Final/2012-04.csv,2012-04,.csv,fred_md_hist_legacy,1362287,2012-04,2012-04-01,2012-04.csv,1.299178123474121,1
data/raw/Historical FRED-MD Vintages Final/2012-05.csv,2012-05,.csv,fred_md_hist_legacy,1364337,2012-05,2012-05-01,2012-05.csv,1.301133155822754,1
data/raw/Historical FRED-MD Vintages Final/2012-06.csv,2012-06,.csv,fred_md_hist_legacy,1366590,2012-06,2012-06-01,2012-06.csv,1.3032817840576172,1
data/raw/Historical FRED-MD Vintages Final/2012-07.csv,2012-07,.csv,fred_md_hist_legacy,1368731,2012-07,2012-07-01,2012-07.csv,1.305323600769043,1
data/raw/Historical FRED-MD Vintages Final/2012-08.csv,2012-08,.csv,fred_md_hist_legacy,1370951,2012-08,2012-08-01,2012-08.csv,1.3074407577514648,1
data/raw/Historical FRED-MD Vintages Final/2012-09.csv,2012-09,.csv,fred_md_hist_legacy,1373059,2012-09,2012-09-01,2012-09.csv,1.3094511032104492,1
data/raw/Historical FRED-MD Vintages Final/2012-10.csv,2012-10,.csv,fred_md_hist_legacy,1375231,2012-10,2012-10-01,2012-10.csv,1.3115224838256836,1
data/raw/Historical FRED-MD Vintages Final/2012-11.csv,2012-11,.csv,fred_md_hist_legacy,1377403,2012-11,2012-11-01,2012-11.csv,1.313593864440918,1
data/raw/Historical FRED-MD Vintages Final/2012-12.csv,2012-12,.csv,fred_md_hist_legacy,1379527,2012-12,2012-12-01,2012-12.csv,1.3156194686889648,1
data/raw/Historical FRED-MD Vintages Final/2013-01.csv,2013-01,.csv,fred_md_hist_legacy,1381699,2013-01,2013-01-01,2013-01.csv,1.3176908493041992,1
data/raw/Historical FRED-MD Vintages Final/2013-02.csv,2013-02,.csv,fred_md_hist_legacy,1383742,2013-02,2013-02-01,2013-02.csv,1.3196392059326172,1
data/raw/Historical FRED-MD Vintages Final/2013-03.csv,2013-03,.csv,fred_md_hist_legacy,1385995,2013-03,2013-03-01,2013-03.csv,1.3217878341674805,1
data/raw/Historical FRED-MD Vintages Final/2013-04.csv,2013-04,.csv,fred_md_hist_legacy,1388167,2013-04,2013-04-01,2013-04.csv,1.3238592147827148,1
data/raw/Historical FRED-MD Vintages Final/2013-05.csv,2013-05,.csv,fred_md_hist_legacy,1390339,2013-05,2013-05-01,2013-05.csv,1.3259305953979492,1
data/raw/Historical FRED-MD Vintages Final/2013-06.csv,2013-06,.csv,fred_md_hist_legacy,1392464,2013-06,2013-06-01,2013-06.csv,1.3279571533203125,1
data/raw/Historical FRED-MD Vintages Final/2013-07.csv,2013-07,.csv,fred_md_hist_legacy,1394508,2013-07,2013-07-01,2013-07.csv,1.3299064636230469,1
data/raw/Historical FRED-MD Vintages Final/2013-08.csv,2013-08,.csv,fred_md_hist_legacy,1396859,2013-08,2013-08-01,2013-08.csv,1.332148551940918,1
data/raw/Historical FRED-MD Vintages Final/2013-09.csv,2013-09,.csv,fred_md_hist_legacy,1398984,2013-09,2013-09-01,2013-09.csv,1.3341751098632812,1
data/raw/Historical FRED-MD Vintages Final/2013-10.csv,2013-10,.csv,fred_md_hist_legacy,1400852,2013-10,2013-10-01,2013-10.csv,1.3359565734863281,1
data/raw/Historical FRED-MD Vintages Final/2013-11.csv,2013-11,.csv,fred_md_hist_legacy,1403041,2013-11,2013-11-01,2013-11.csv,1.3380441665649414,1
data/raw/Historical FRED-MD Vintages Final/2013-12.csv,2013-12,.csv,fred_md_hist_legacy,1405455,2013-12,2013-12-01,2013-12.csv,1.340346336364746,1
data/raw/Historical FRED-MD Vintages Final/2014-01.csv,2014-01,.csv,fred_md_hist_legacy,1407628,2014-01,2014-01-01,2014-01.csv,1.3424186706542969,1
data/raw/Historical FRED-MD Vintages Final/2014-02.csv,2014-02,.csv,fred_md_hist_legacy,1409672,2014-02,2014-02-01,2014-02.csv,1.3443679809570312,1
data/raw/Historical FRED-MD Vintages Final/2014-03.csv,2014-03,.csv,fred_md_hist_legacy,1411926,2014-03,2014-03-01,2014-03.csv,1.346517562866211,1
data/raw/Historical FRED-MD Vintages Final/2014-04.csv,2014-04,.csv,fred_md_hist_legacy,1413970,2014-04,2014-04-01,2014-04.csv,1.3484668731689453,1
data/raw/Historical FRED-MD Vintages Final/2014-05.csv,2014-05,.csv,fred_md_hist_legacy,1416273,2014-05,2014-05-01,2014-05.csv,1.350663185119629,1
data/raw/Historical FRED-MD Vintages Final/2014-06.csv,2014-06,.csv,fred_md_hist_legacy,1418398,2014-06,2014-06-01,2014-06.csv,1.3526897430419922,1
data/raw/Historical FRED-MD Vintages Final/2014-07.csv,2014-07,.csv,fred_md_hist_legacy,1420442,2014-07,2014-07-01,2014-07.csv,1.3546390533447266,1
data/raw/Historical FRED-MD Vintages Final/2014-08.csv,2014-08,.csv,fred_md_hist_legacy,1422744,2014-08,2014-08-01,2014-08.csv,1.3568344116210938,1
data/raw/Historical FRED-MD Vintages Final/2014-09.csv,2014-09,.csv,fred_md_hist_legacy,1424869,2014-09,2014-09-01,2014-09.csv,1.358860969543457,1
data/raw/Historical FRED-MD Vintages Final/2014-10.csv,2014-10,.csv,fred_md_hist_legacy,1427042,2014-10,2014-10-01,2014-10.csv,1.3609333038330078,1
data/raw/Historical FRED-MD Vintages Final/2014-11.csv,2014-11,.csv,fred_md_hist_legacy,1429215,2014-11,2014-11-01,2014-11.csv,1.3630056381225586,1
data/raw/Historical FRED-MD Vintages Final/2014-12.csv,2014-12,.csv,fred_md_hist_legacy,1431340,2014-12,2014-12-01,2014-12.csv,1.3650321960449219,1
data/raw/Historical-vintages-of-FRED-MD-2015-01-to-2024-12/2015-01.csv,2015-01,.csv,fred_md_hist_2015_2024,572547,2015-01,2015-01-01,2015-01.csv,0.5460233688354492,2
data/raw/Historical-vintages-of-FRED-MD-2015-01-to-2024-12/2015-02.csv,2015-02,.csv,fred_md_hist_2015_2024,573421,2015-02,2015-02-01,2015-02.csv,0.5468568801879883,2
data/raw/Historical-vintages-of-FRED-MD-2015-01-to-2024-12/2015-03.csv,2015-03,.csv,fred_md_hist_2015_2024,574393,2015-03,2015-03-01,2015-03.csv,0.5477838516235352,2
data/raw/Historical-vintages-of-FRED-MD-2015-01-to-2024-12/2015-04.csv,2015-04,.csv,fred_md_hist_2015_2024,575333,2015-04,2015-04-01,2015-04.csv,0.548680305480957,2
data/raw/Historical-vintages-of-FRED-MD-2015-01-to-2024-12/2015-05.csv,2015-05,.csv,fred_md_hist_2015_2024,576182,2015-05,2015-05-01,2015-05.csv,0.5494899749755859,2
data/raw/Historical-vintages-of-FRED-MD-2015-01-to-2024-12/2015-06.csv,2015-06,.csv,fred_md_hist_2015_2024,577115,2015-06,2015-06-01,2015-06.csv,0.550379753112793,2
data/raw/Historical-vintages-of-FRED-MD-2015-01-to-2024-12/2015-07.csv,2015-07,.csv,fred_md_hist_2015_2024,578844,2015-07,2015-07-01,2015-07.csv,0.5520286560058594,2
data/raw/Historical-vintages-of-FRED-MD-2015-01-to-2024-12/2015-08.csv,2015-08,.csv,fred_md_hist_2015_2024,576712,2015-08,2015-08-01,2015-08.csv,0.5499954223632812,2
data/raw/Historical-vintages-of-FRED-MD-2015-01-to-2024-12/2015-09.csv,2015-09,.csv,fred_md_hist_2015_2024,586168,2015-09,2015-09-01,2015-09.csv,0.5590133666992188,2
data/raw/Historical-vintages-of-FRED-MD-2015-01-to-2024-12/2015-10.csv,2015-10,.csv,fred_md_hist_2015_2024,587102,2015-10,2015-10-01,2015-10.csv,0.5599040985107422,2
data/raw/Historical-vintages-of-FRED-MD-2015-01-to-2024-12/2015-11.csv,2015-11,.csv,fred_md_hist_2015_2024,587976,2015-11,2015-11-01,2015-11.csv,0.5607376098632812,2
data/raw/Historical-vintages-of-FRED-MD-2015-01-to-2024-12/2015-12.csv,2015-12,.csv,fred_md_hist_2015_2024,588848,2015-12,2015-12-01,2015-12.csv,0.5615692138671875,2
data/raw/Historical-vintages-of-FRED-MD-2015-01-to-2024-12/2016-01.csv,2016-01,.csv,fred_md_hist_2015_2024,589749,2016-01,2016-01-01,2016-01.csv,0.5624284744262695,2
data/raw/Historical-vintages-of-FRED-MD-2015-01-to-2024-12/2016-02.csv,2016-02,.csv,fred_md_hist_2015_2024,590731,2016-02,2016-02-01,2016-02.csv,0.5633649826049805,2
data/raw/Historical-vintages-of-FRED-MD-2015-01-to-2024-12/2016-03.csv,2016-03,.csv,fred_md_hist_2015_2024,591617,2016-03,2016-03-01,2016-03.csv,0.5642099380493164,2
data/raw/Historical-vintages-of-FRED-MD-2015-01-to-2024-12/2016-04.csv,2016-04,.csv,fred_md_hist_2015_2024,592764,2016-04,2016-04-01,2016-04.csv,0.5653038024902344,2
data/raw/Historical-vintages-of-FRED-MD-2015-01-to-2024-12/2016-05.csv,2016-05,.csv,fred_md_hist_2015_2024,593654,2016-05,2016-05-01,2016-05.csv,0.5661525726318359,2
data/raw/Historical-vintages-of-FRED-MD-2015-01-to-2024-12/2016-06.csv,2016-06,.csv,fred_md_hist_2015_2024,571538,2016-06,2016-06-01,2016-06.csv,0.5450611114501953,2
data/raw/Historical-vintages-of-FRED-MD-2015-01-to-2024-12/2016-07.csv,2016-07,.csv,fred_md_hist_2015_2024,572302,2016-07,2016-07-01,2016-07.csv,0.5457897186279297,2
data/raw/Historical-vintages-of-FRED-MD-2015-01-to-2024-12/2016-08.csv,2016-08,.csv,fred_md_hist_2015_2024,573215,2016-08,2016-08-01,2016-08.csv,0.5466604232788086,2
data/raw/Historical-vintages-of-FRED-MD-2015-01-to-2024-12/2016-09.csv,2016-09,.csv,fred_md_hist_2015_2024,574047,2016-09,2016-09-01,2016-09.csv,0.5474538803100586,2
data/raw/Historical-vintages-of-FRED-MD-2015-01-to-2024-12/2016-10.csv,2016-10,.csv,fred_md_hist_2015_2024,574967,2016-10,2016-10-01,2016-10.csv,0.5483312606811523,2
data/raw/Historical-vintages-of-FRED-MD-2015-01-to-2024-12/2016-11.csv,2016-11,.csv,fred_md_hist_2015_2024,575791,2016-11,2016-11-01,2016-11.csv,0.5491170883178711,2
data/raw/Historical-vintages-of-FRED-MD-2015-01-to-2024-12/2016-12.csv,2016-12,.csv,fred_md_hist_2015_2024,576613,2016-12,2016-12-01,2016-12.csv,0.549901008605957,2
data/raw/Historical-vintages-of-FRED-MD-2015-01-to-2024-12/2017-01.csv,2017-01,.csv,fred_md_hist_2015_2024,577476,2017-01,2017-01-01,2017-01.csv,0.5507240295410156,2
data/raw/Historical-vintages-of-FRED-MD-2015-01-to-2024-12/2017-02.csv,2017-02,.csv,fred_md_hist_2015_2024,578272,2017-02,2017-02-01,2017-02.csv,0.551483154296875,2
data/raw/Historical-vintages-of-FRED-MD-2015-01-to-2024-12/2017-03.csv,2017-03,.csv,fred_md_hist_2015_2024,579211,2017-03,2017-03-01,2017-03.csv,0.5523786544799805,2
data/raw/Historical-vintages-of-FRED-MD-2015-01-to-2024-12/2017-04.csv,2017-04,.csv,fred_md_hist_2015_2024,576596,2017-04,2017-04-01,2017-04.csv,0.5498847961425781,2
data/raw/Historical-vintages-of-FRED-MD-2015-01-to-2024-12/2017-05.csv,2017-05,.csv,fred_md_hist_2015_2024,577489,2017-05,2017-05-01,2017-05.csv,0.5507364273071289,2
data/raw/Historical-vintages-of-FRED-MD-2015-01-to-2024-12/2017-06.csv,2017-06,.csv,fred_md_hist_2015_2024,578348,2017-06,2017-06-01,2017-06.csv,0.5515556335449219,2
data/raw/Historical-vintages-of-FRED-MD-2015-01-to-2024-12/2017-07.csv,2017-07,.csv,fred_md_hist_2015_2024,579158,2017-07,2017-07-01,2017-07.csv,0.5523281097412109,2
data/raw/Historical-vintages-of-FRED-MD-2015-01-to-2024-12/2017-08.csv,2017-08,.csv,fred_md_hist_2015_2024,580078,2017-08,2017-08-01,2017-08.csv,0.5532054901123047,2
data/raw/Historical-vintages-of-FRED-MD-2015-01-to-2024-12/2017-09.csv,2017-09,.csv,fred_md_hist_2015_2024,581685,2017-09,2017-09-01,2017-09.csv,0.5547380447387695,2
data/raw/Historical-vintages-of-FRED-MD-2015-01-to-2024-12/2017-10.csv,2017-10,.csv,fred_md_hist_2015_2024,584060,2017-10,2017-10-01,2017-10.csv,0.5570030212402344,2
data/raw/Historical-vintages-of-FRED-MD-2015-01-to-2024-12/2017-11.csv,2017-11,.csv,fred_md_hist_2015_2024,584950,2017-11,2017-11-01,2017-11.csv,0.5578517913818359,2
data/raw/Historical-vintages-of-FRED-MD-2015-01-to-2024-12/2017-12.csv,2017-12,.csv,fred_md_hist_2015_2024,585800,2017-12,2017-12-01,2017-12.csv,0.5586624145507812,2
data/raw/Historical-vintages-of-FRED-MD-2015-01-to-2024-12/2018-01.csv,2018-01,.csv,fred_md_hist_2015_2024,586667,2018-01,2018-01-01,2018-01.csv,0.5594892501831055,2
data/raw/Historical-vintages-of-FRED-MD-2015-01-to-2024-12/2018-02.csv,2018-02,.csv,fred_md_hist_2015_2024,587445,2018-02,2018-02-01,2018-02.csv,0.5602312088012695,2
data/raw/Historical-vintages-of-FRED-MD-2015-01-to-2024-12/2018-03.csv,2018-03,.csv,fred_md_hist_2015_2024,588275,2018-03,2018-03-01,2018-03.csv,0.5610227584838867,2
data/raw/Historical-vintages-of-FRED-MD-2015-01-to-2024-12/2018-04.csv,2018-04,.csv,fred_md_hist_2015_2024,589177,2018-04,2018-04-01,2018-04.csv,0.5618829727172852,2
data/raw/Historical-vintages-of-FRED-MD-2015-01-to-2024-12/2018-05.csv,2018-05,.csv,fred_md_hist_2015_2024,590040,2018-05,2018-05-01,2018-05.csv,0.5627059936523438,2
data/raw/Historical-vintages-of-FRED-MD-2015-01-to-2024-12/2018-06.csv,2018-06,.csv,fred_md_hist_2015_2024,590877,2018-06,2018-06-01,2018-06.csv,0.5635042190551758,2
data/raw/Historical-vintages-of-FRED-MD-2015-01-to-2024-12/2018-07.csv,2018-07,.csv,fred_md_hist_2015_2024,591652,2018-07,2018-07-01,2018-07.csv,0.5642433166503906,2
data/raw/Historical-vintages-of-FRED-MD-2015-01-to-2024-12/2018-08.csv,2018-08,.csv,fred_md_hist_2015_2024,592540,2018-08,2018-08-01,2018-08.csv,0.5650901794433594,2
data/raw/Historical-vintages-of-FRED-MD-2015-01-to-2024-12/2018-09.csv,2018-09,.csv,fred_md_hist_2015_2024,593409,2018-09,2018-09-01,2018-09.csv,0.5659189224243164,2
data/raw/Historical-vintages-of-FRED-MD-2015-01-to-2024-12/2018-10.csv,2018-10,.csv,fred_md_hist_2015_2024,594320,2018-10,2018-10-01,2018-10.csv,0.5667877197265625,2
data/raw/Historical-vintages-of-FRED-MD-2015-01-to-2024-12/2018-11.csv,2018-11,.csv,fred_md_hist_2015_2024,595153,2018-11,2018-11-01,2018-11.csv,0.5675821304321289,2
data/raw/Historical-vintages-of-FRED-MD-2015-01-to-2024-12/2018-12.csv,2018-12,.csv,fred_md_hist_2015_2024,596008,2018-12,2018-12-01,2018-12.csv,0.5683975219726562,2
data/raw/Historical-vintages-of-FRED-MD-2015-01-to-2024-12/2019-01.csv,2019-01,.csv,fred_md_hist_2015_2024,596745,2019-01,2019-01-01,2019-01.csv,0.5691003799438477,2
data/raw/Historical-vintages-of-FRED-MD-2015-01-to-2024-12/2019-02.csv,2019-02,.csv,fred_md_hist_2015_2024,597560,2019-02,2019-02-01,2019-02.csv,0.5698776245117188,2
data/raw/Historical-vintages-of-FRED-MD-2015-01-to-2024-12/2019-03.csv,2019-03,.csv,fred_md_hist_2015_2024,598640,2019-03,2019-03-01,2019-03.csv,0.5709075927734375,2
data/raw/Historical-vintages-of-FRED-MD-2015-01-to-2024-12/2019-04.csv,2019-04,.csv,fred_md_hist_2015_2024,599564,2019-04,2019-04-01,2019-04.csv,0.5717887878417969,2
data/raw/Historical-vintages-of-FRED-MD-2015-01-to-2024-12/2019-05.csv,2019-05,.csv,fred_md_hist_2015_2024,601030,2019-05,2019-05-01,2019-05.csv,0.5731868743896484,2
data/raw/Historical-vintages-of-FRED-MD-2015-01-to-2024-12/2019-06.csv,2019-06,.csv,fred_md_hist_2015_2024,602026,2019-06,2019-06-01,2019-06.csv,0.5741367340087891,2
data/raw/Historical-vintages-of-FRED-MD-2015-01-to-2024-12/2019-07.csv,2019-07,.csv,fred_md_hist_2015_2024,602908,2019-07,2019-07-01,2019-07.csv,0.5749778747558594,2
data/raw/Historical-vintages-of-FRED-MD-2015-01-to-2024-12/2019-08.csv,2019-08,.csv,fred_md_hist_2015_2024,603761,2019-08,2019-08-01,2019-08.csv,0.5757913589477539,2
data/raw/Historical-vintages-of-FRED-MD-2015-01-to-2024-12/2019-09.csv,2019-09,.csv,fred_md_hist_2015_2024,604633,2019-09,2019-09-01,2019-09.csv,0.5766229629516602,2
data/raw/Historical-vintages-of-FRED-MD-2015-01-to-2024-12/2019-10.csv,2019-10,.csv,fred_md_hist_2015_2024,605487,2019-10,2019-10-01,2019-10.csv,0.5774374008178711,2
data/raw/Historical-vintages-of-FRED-MD-2015-01-to-2024-12/2019-11.csv,2019-11,.csv,fred_md_hist_2015_2024,606440,2019-11,2019-11-01,2019-11.csv,0.5783462524414062,2
data/raw/Historical-vintages-of-FRED-MD-2015-01-to-2024-12/2019-12.csv,2019-12,.csv,fred_md_hist_2015_2024,607281,2019-12,2019-12-01,2019-12.csv,0.5791482925415039,2
data/raw/Historical-vintages-of-FRED-MD-2015-01-to-2024-12/2020-01.csv,2020-01,.csv,fred_md_hist_2015_2024,607523,2020-01,2020-01-01,2020-01.csv,0.5793790817260742,2
data/raw/Historical-vintages-of-FRED-MD-2015-01-to-2024-12/2020-02.csv,2020-02,.csv,fred_md_hist_2015_2024,608447,2020-02,2020-02-01,2020-02.csv,0.5802602767944336,2
data/raw/Historical-vintages-of-FRED-MD-2015-01-to-2024-12/2020-03.csv,2020-03,.csv,fred_md_hist_2015_2024,609303,2020-03,2020-03-01,2020-03.csv,0.5810766220092773,2
data/raw/Historical-vintages-of-FRED-MD-2015-01-to-2024-12/2020-04.csv,2020-04,.csv,fred_md_hist_2015_2024,611680,2020-04,2020-04-01,2020-04.csv,0.583343505859375,2
data/raw/Historical-vintages-of-FRED-MD-2015-01-to-2024-12/2020-05.csv,2020-05,.csv,fred_md_hist_2015_2024,612528,2020-05,2020-05-01,2020-05.csv,0.5841522216796875,2
data/raw/Historical-vintages-of-FRED-MD-2015-01-to-2024-12/2020-06.csv,2020-06,.csv,fred_md_hist_2015_2024,613406,2020-06,2020-06-01,2020-06.csv,0.5849895477294922,2
data/raw/Historical-vintages-of-FRED-MD-2015-01-to-2024-12/2020-07.csv,2020-07,.csv,fred_md_hist_2015_2024,614239,2020-07,2020-07-01,2020-07.csv,0.5857839584350586,2
data/raw/Historical-vintages-of-FRED-MD-2015-01-to-2024-12/2020-08.csv,2020-08,.csv,fred_md_hist_2015_2024,615152,2020-08,2020-08-01,2020-08.csv,0.5866546630859375,2
data/raw/Historical-vintages-of-FRED-MD-2015-01-to-2024-12/2020-09.csv,2020-09,.csv,fred_md_hist_2015_2024,614406,2020-09,2020-09-01,2020-09.csv,0.5859432220458984,2
data/raw/Historical-vintages-of-FRED-MD-2015-01-to-2024-12/2020-10.csv,2020-10,.csv,fred_md_hist_2015_2024,615364,2020-10,2020-10-01,2020-10.csv,0.5868568420410156,2
data/raw/Historical-vintages-of-FRED-MD-2015-01-to-2024-12/2020-11.csv,2020-11,.csv,fred_md_hist_2015_2024,616216,2020-11,2020-11-01,2020-11.csv,0.5876693725585938,2
data/raw/Historical-vintages-of-FRED-MD-2015-01-to-2024-12/2020-12.csv,2020-12,.csv,fred_md_hist_2015_2024,617048,2020-12,2020-12-01,2020-12.csv,0.5884628295898438,2
data/raw/Historical-vintages-of-FRED-MD-2015-01-to-2024-12/2021-01.csv,2021-01,.csv,fred_md_hist_2015_2024,617917,2021-01,2021-01-01,2021-01.csv,0.5892915725708008,2
data/raw/Historical-vintages-of-FRED-MD-2015-01-to-2024-12/2021-02.csv,2021-02,.csv,fred_md_hist_2015_2024,618793,2021-02,2021-02-01,2021-02.csv,0.5901269912719727,2
data/raw/Historical-vintages-of-FRED-MD-2015-01-to-2024-12/2021-03.csv,2021-03,.csv,fred_md_hist_2015_2024,619670,2021-03,2021-03-01,2021-03.csv,0.5909633636474609,2
data/raw/Historical-vintages-of-FRED-MD-2015-01-to-2024-12/2021-04.csv,2021-04,.csv,fred_md_hist_2015_2024,620535,2021-04,2021-04-01,2021-04.csv,0.5917882919311523,2
data/raw/Historical-vintages-of-FRED-MD-2015-01-to-2024-12/2021-05.csv,2021-05,.csv,fred_md_hist_2015_2024,620705,2021-05,2021-05-01,2021-05.csv,0.5919504165649414,2
data/raw/Historical-vintages-of-FRED-MD-2015-01-to-2024-12/2021-06.csv,2021-06,.csv,fred_md_hist_2015_2024,621581,2021-06,2021-06-01,2021-06.csv,0.5927858352661133,2
data/raw/Historical-vintages-of-FRED-MD-2015-01-to-2024-12/2021-07.csv,2021-07,.csv,fred_md_hist_2015_2024,622458,2021-07,2021-07-01,2021-07.csv,0.5936222076416016,2
data/raw/Historical-vintages-of-FRED-MD-2015-01-to-2024-12/2021-08.csv,2021-08,.csv,fred_md_hist_2015_2024,618409,2021-08,2021-08-01,2021-08.csv,0.5897607803344727,2
data/raw/Historical-vintages-of-FRED-MD-2015-01-to-2024-12/2021-09.csv,2021-09,.csv,fred_md_hist_2015_2024,619232,2021-09,2021-09-01,2021-09.csv,0.590545654296875,2
data/raw/Historical-vintages-of-FRED-MD-2015-01-to-2024-12/2021-10.csv,2021-10,.csv,fred_md_hist_2015_2024,620148,2021-10,2021-10-01,2021-10.csv,0.5914192199707031,2
data/raw/Historical-vintages-of-FRED-MD-2015-01-to-2024-12/2021-11.csv,2021-11,.csv,fred_md_hist_2015_2024,620980,2021-11,2021-11-01,2021-11.csv,0.5922126770019531,2
data/raw/Historical-vintages-of-FRED-MD-2015-01-to-2024-12/2021-12.csv,2021-12,.csv,fred_md_hist_2015_2024,621852,2021-12,2021-12-01,2021-12.csv,0.5930442810058594,2
data/raw/Historical-vintages-of-FRED-MD-2015-01-to-2024-12/2022-01.csv,2022-01,.csv,fred_md_hist_2015_2024,622797,2022-01,2022-01-01,2022-01.csv,0.5939455032348633,2
data/raw/Historical-vintages-of-FRED-MD-2015-01-to-2024-12/2022-02.csv,2022-02,.csv,fred_md_hist_2015_2024,623645,2022-02,2022-02-01,2022-02.csv,0.5947542190551758,2
data/raw/Historical-vintages-of-FRED-MD-2015-01-to-2024-12/2022-03.csv,2022-03,.csv,fred_md_hist_2015_2024,624532,2022-03,2022-03-01,2022-03.csv,0.5956001281738281,2
data/raw/Historical-vintages-of-FRED-MD-2015-01-to-2024-12/2022-04.csv,2022-04,.csv,fred_md_hist_2015_2024,625380,2022-04,2022-04-01,2022-04.csv,0.5964088439941406,2
data/raw/Historical-vintages-of-FRED-MD-2015-01-to-2024-12/2022-05.csv,2022-05,.csv,fred_md_hist_2015_2024,626259,2022-05,2022-05-01,2022-05.csv,0.5972471237182617,2
data/raw/Historical-vintages-of-FRED-MD-2015-01-to-2024-12/2022-06.csv,2022-06,.csv,fred_md_hist_2015_2024,627245,2022-06,2022-06-01,2022-06.csv,0.5981874465942383,2
data/raw/Historical-vintages-of-FRED-MD-2015-01-to-2024-12/2022-07.csv,2022-07,.csv,fred_md_hist_2015_2024,628122,2022-07,2022-07-01,2022-07.csv,0.5990238189697266,2
data/raw/Historical-vintages-of-FRED-MD-2015-01-to-2024-12/2022-08.csv,2022-08,.csv,fred_md_hist_2015_2024,629001,2022-08,2022-08-01,2022-08.csv,0.5998620986938477,2
data/raw/Historical-vintages-of-FRED-MD-2015-01-to-2024-12/2022-09.csv,2022-09,.csv,fred_md_hist_2015_2024,629818,2022-09,2022-09-01,2022-09.csv,0.6006412506103516,2
data/raw/Historical-vintages-of-FRED-MD-2015-01-to-2024-12/2022-10.csv,2022-10,.csv,fred_md_hist_2015_2024,630760,2022-10,2022-10-01,2022-10.csv,0.6015396118164062,2
data/raw/Historical-vintages-of-FRED-MD-2015-01-to-2024-12/2022-11.csv,2022-11,.csv,fred_md_hist_2015_2024,631593,2022-11,2022-11-01,2022-11.csv,0.6023340225219727,2
data/raw/Historical-vintages-of-FRED-MD-2015-01-to-2024-12/2022-12.csv,2022-12,.csv,fred_md_hist_2015_2024,632495,2022-12,2022-12-01,2022-12.csv,0.6031942367553711,2
data/raw/Historical-vintages-of-FRED-MD-2015-01-to-2024-12/2023-01.csv,2023-01,.csv,fred_md_hist_2015_2024,633380,2023-01,2023-01-01,2023-01.csv,0.6040382385253906,2
data/raw/Historical-vintages-of-FRED-MD-2015-01-to-2024-12/2023-02.csv,2023-02,.csv,fred_md_hist_2015_2024,634190,2023-02,2023-02-01,2023-02.csv,0.6048107147216797,2
data/raw/Historical-vintages-of-FRED-MD-2015-01-to-2024-12/2023-03.csv,2023-03,.csv,fred_md_hist_2015_2024,634991,2023-03,2023-03-01,2023-03.csv,0.6055746078491211,2
data/raw/Historical-vintages-of-FRED-MD-2015-01-to-2024-12/2023-04.csv,2023-04,.csv,fred_md_hist_2015_2024,635909,2023-04,2023-04-01,2023-04.csv,0.606450080871582,2
data/raw/Historical-vintages-of-FRED-MD-2015-01-to-2024-12/2023-05.csv,2023-05,.csv,fred_md_hist_2015_2024,636780,2023-05,2023-05-01,2023-05.csv,0.6072807312011719,2
data/raw/Historical-vintages-of-FRED-MD-2015-01-to-2024-12/2023-06.csv,2023-06,.csv,fred_md_hist_2015_2024,637662,2023-06,2023-06-01,2023-06.csv,0.6081218719482422,2
data/raw/Historical-vintages-of-FRED-MD-2015-01-to-2024-12/2023-07.csv,2023-07,.csv,fred_md_hist_2015_2024,638502,2023-07,2023-07-01,2023-07.csv,0.6089229583740234,2
data/raw/Historical-vintages-of-FRED-MD-2015-01-to-2024-12/2023-08.csv,2023-08,.csv,fred_md_hist_2015_2024,639368,2023-08,2023-08-01,2023-08.csv,0.6097488403320312,2
data/raw/Historical-vintages-of-FRED-MD-2015-01-to-2024-12/2023-09.csv,2023-09,.csv,fred_md_hist_2015_2024,640236,2023-09,2023-09-01,2023-09.csv,0.6105766296386719,2
data/raw/Historical-vintages-of-FRED-MD-2015-01-to-2024-12/2023-10.csv,2023-10,.csv,fred_md_hist_2015_2024,641147,2023-10,2023-10-01,2023-10.csv,0.611445426940918,2
data/raw/Historical-vintages-of-FRED-MD-2015-01-to-2024-12/2023-11.csv,2023-11,.csv,fred_md_hist_2015_2024,641988,2023-11,2023-11-01,2023-11.csv,0.6122474670410156,2
data/raw/Historical-vintages-of-FRED-MD-2015-01-to-2024-12/2023-12.csv,2023-12,.csv,fred_md_hist_2015_2024,642846,2023-12,2023-12-01,2023-12.csv,0.6130657196044922,2
data/raw/Historical-vintages-of-FRED-MD-2015-01-to-2024-12/2024-01.csv,2024-01,.csv,fred_md_hist_2015_2024,643742,2024-01,2024-01-01,2024-01.csv,0.6139202117919922,2
data/raw/Historical-vintages-of-FRED-MD-2015-01-to-2024-12/2024-02.csv,2024-02,.csv,fred_md_hist_2015_2024,644580,2024-02,2024-02-01,2024-02.csv,0.6147193908691406,2
data/raw/FRED-MD-MONTHLY/2025-01.csv,2025-01,.csv,fred_md_current,652529,2025-01,2025-01-01,2025-01.csv,0.6223001480102539,3
data/raw/FRED-MD-MONTHLY/2025-02.csv,2025-02,.csv,fred_md_current,653341,2025-02,2025-02-01,2025-02.csv,0.6230745315551758,3
data/raw/FRED-MD-MONTHLY/2025-03.csv,2025-03,.csv,fred_md_current,654250,2025-03,2025-03-01,2025-03.csv,0.6239414215087891,3
data/raw/FRED-MD-MONTHLY/2025-04-MD.csv,2025-04-MD,.csv,fred_md_current,655117,2025-04,2025-04-01,2025-04-MD.csv,0.6247682571411133,3
data/raw/FRED-MD-MONTHLY/2025-05-MD.csv,2025-05-MD,.csv,fred_md_current,655968,2025-05,2025-05-01,2025-05-MD.csv,0.625579833984375,3
data/raw/FRED-MD-MONTHLY/2025-06-MD.csv,2025-06-MD,.csv,fred_md_current,656851,2025-06,2025-06-01,2025-06-MD.csv,0.6264219284057617,3
data/raw/FRED-MD-MONTHLY/2025-07-MD.csv,2025-07-MD,.csv,fred_md_current,657756,2025-07,2025-07-01,2025-07-MD.csv,0.6272850036621094,3
data/raw/FRED-MD-MONTHLY/2025-08-MD.csv,2025-08-MD,.csv,fred_md_current,658602,2025-08,2025-08-01,2025-08-MD.csv,0.6280918121337891,3
data/raw/FRED-MD-MONTHLY/2025-09-MD.csv,2025-09-MD,.csv,fred_md_current,659482,2025-09,2025-09-01,2025-09-MD.csv,0.6289310455322266,3
data/raw/FRED-MD-MONTHLY/2025-10-MD.csv,2025-10-MD,.csv,fred_md_current,659945,2025-10,2025-10-01,2025-10-MD.csv,0.6293725967407227,3
data/raw/FRED-MD-MONTHLY/2025-11-MD.csv,2025-11-MD,.csv,fred_md_current,660348,2025-11,2025-11-01,2025-11-MD.csv,0.6297569274902344,3
data/raw/FRED-MD-MONTHLY/2025-12-MD.csv,2025-12-MD,.csv,fred_md_current,661461,2025-12,2025-12-01,2025-12-MD.csv,0.6308183670043945,3
data/raw/FRED-MD-MONTHLY/2026-01-MD.csv,2026-01-MD,.csv,fred_md_current,662494,2026-01,2026-01-01,2026-01-MD.csv,0.6318035125732422,3
data/raw/FRED-MD-MONTHLY/2026-02-MD.csv,2026-02-MD,.csv,fred_md_current,663349,2026-02,2026-02-01,2026-02-MD.csv,0.6326189041137695,3
